Req,Preguntas clave para el entrevistado,Documentos / registros a solicitar
4.1,"¿Cómo determinan las cuestiones externas e internas que afectan al sistema? ¿Cuándo se actualizó el análisis por última vez? ¿Quién es responsable de monitorear el contexto?","Análisis de contexto (FODA/PESTEL), actas de revisión por la dirección."
4.2,"¿Quiénes son sus partes interesadas pertinentes? ¿Cómo determinan cuáles de sus necesidades se convierten en requisitos del sistema?","Matriz de partes interesadas, evidencia de mecanismos de consulta."
6.1,"¿Qué riesgos y oportunidades han identificado para el logro de los objetivos? ¿Qué acciones implementaron y cómo evalúan su eficacia?","Matriz de riesgos y oportunidades, planes de acción, seguimiento de eficacia."
7.1.3,"¿Cómo determinan y mantienen la infraestructura necesaria? ¿Qué ocurre cuando falla un equipo crítico?","Programa de mantenimiento, inventario de equipos, órdenes de trabajo, calibraciones."
8.1,"¿Cómo planifican sus procesos operativos? ¿Qué criterios de aceptación usan y cómo controlan los cambios planificados?","Procedimientos operativos, planes de calidad, control de cambios."
8.5.1,"¿Cómo se asegura que el producto o servicio se realiza bajo condiciones controladas? ¿Cómo validan procesos cuyo resultado no se puede verificar después?","Instrucciones de trabajo, registros de inspección, validaciones, competencia del personal."
8.7,"¿Qué hacen cuando detectan una salida no conforme? ¿Quién autoriza una concesión?","Registro de no conformes, autorizaciones de concesión, análisis de tendencias."
9.1.2,"¿Cómo miren la satisfacción de sus clientes o estudiantes? ¿Qué acciones surgieron de los resultados?","Encuestas, informes de análisis, planes de acción derivados."
10.3,"¿Qué mejoras han implementado en el último periodo y de dónde surgieron? ¿Cómo verifican que fueron eficaces?","Planes de mejora, actas de revisión por la dirección, seguimiento a acciones de auditoría."
